{
    "total_queries": 38,
    "recall_10": 55.26315789473685,
    "recall_3": 55.26315789473685,
    "mrr": 0.5263157894736842,
    "ndcg_3": 0.5332068291353399,
    "precision_3": 0.11052631578947371,
    "abstention_rate": 100.0
}