{
    "total_queries": 38,
    "recall_10": 60.526315789473685,
    "recall_3": 60.526315789473685,
    "mrr": 0.5657894736842105,
    "ndcg_3": 0.5761260331766941,
    "precision_3": 0.12105263157894741,
    "abstention_rate": 100.0
}